"","(Intercept)","X","Z1","Z2","Z3","Z4","Z5","Z6","Z7","Z8","Z9","Z10","Z11","Z12","Z13","Z14","Z15","Z16"
"linear",-4.13,0.331,0.0466,0.167,0.0506,0.267,0.0422,0.0951,0.121,-0.00759,0.152,0.238,0.234,0.141,0.0357,-0.014,0.048,0.0437
"linear_unadjusted",-3.27,0.46,NA,NA,NA,NA,NA,NA,NA,NA,NA,NA,NA,NA,NA,NA,NA,NA
"stepwise",-3.92,0.369,0.0441,0.348,0.0413,0.396,0.377,0.222,0.311,0.0311,0.373,0.41,0.383,0.638,0.309,-0.274,0.104,NA
"stepwise_X",-3.78,0.351,0.0811,0.186,0.0652,0.251,0.0209,0.112,0.101,0.0159,0.196,0.304,0.382,0.289,0.0777,0.109,0.015,0.106
"two_step_lasso",-4,0.346,0.105,0.298,0.0316,0.31,0.0988,0.148,0.278,0.0329,0.232,0.371,0.307,0.206,0.304,-0.0348,0.0922,0.166
"two_step_lasso_X",-3.97,0.333,0.0513,0.184,0.0614,0.237,0.0518,0.102,0.131,-0.012,0.179,0.204,0.235,0.14,0.123,0.0168,0.0889,0.0438
"two_step_lasso_union",-4.11,0.335,0.0476,0.167,0.0486,0.267,0.0435,0.0961,0.122,-0.00737,0.171,0.269,0.281,0.146,0.0825,0.00184,0.0608,0.0423
