"","(Intercept)","X","Z1","Z2","Z3","Z4","Z5","Z6","Z7","Z8","Z9","Z10","Z11","Z12","Z13","Z14","Z15","Z16"
"linear",-0.00826,0.154,0.0861,0.0855,0.0854,0.0823,0.0812,0.0824,0.0835,0.0841,0.0829,0.0868,0.0844,0.0826,0.0846,0.0845,0.083,0.0843
"linear_unadjusted",1.57,0.262,NA,NA,NA,NA,NA,NA,NA,NA,NA,NA,NA,NA,NA,NA,NA,NA
"stepwise",0.0309,0.156,0.0896,0.0906,0.0902,0.0861,0.0851,0.0869,0.0879,0.0876,0.0905,0.0878,0.0872,0.0893,0.0858,0.088,0.089,0.0876
"stepwise_X",0.0883,0.156,0.0859,0.0867,0.0861,0.0824,0.0818,0.0824,0.0828,0.0846,0.0818,0.087,0.0848,0.0823,0.0836,0.0846,0.0819,0.0854
"two_step_lasso",-0.00813,0.154,0.0869,0.0855,0.0854,0.0823,0.082,0.0832,0.0835,0.0841,0.0829,0.0868,0.0844,0.0826,0.0846,0.0845,0.083,0.0843
"two_step_lasso_X",-0.00471,0.154,0.0861,0.0855,0.0854,0.0823,0.0813,0.0825,0.0831,0.0841,0.0829,0.0868,0.0844,0.0826,0.0846,0.0844,0.083,0.0843
